{
  "resources": [
    "character_introduction.m4a"
  ],
  "spritemap": {
    "intro.aap": {
      "start": 0,
      "end": 1.8365986394557823,
      "loop": false
    },
    "intro.hond": {
      "start": 3,
      "end": 4.411632653061225,
      "loop": false
    },
    "intro.olif": {
      "start": 6,
      "end": 8.4,
      "loop": false
    },
    "m1": {
      "start": 10,
      "end": 15.2,
      "loop": false
    },
    "m3": {
      "start": 17,
      "end": 22.363696145124717,
      "loop": false
    },
    "m4": {
      "start": 24,
      "end": 25.576507936507937,
      "loop": false
    },
    "m4n": {
      "start": 27,
      "end": 30.86705215419501,
      "loop": false
    },
    "m5": {
      "start": 32,
      "end": 33.483718820861675,
      "loop": false
    },
    "m5n": {
      "start": 35,
      "end": 38.69390022675737,
      "loop": false
    },
    "m6": {
      "start": 40,
      "end": 41.409954648526075,
      "loop": false
    },
    "m6n": {
      "start": 43,
      "end": 46.86462585034013,
      "loop": false
    }
  }
}