{
  "resources": [
    "direct_and_indirect_speech_items.m4a",
    "direct_and_indirect_speech_items.ogg"
  ],
  "spritemap": {
    "instruction3": {
      "start": 0,
      "end": 17.106802721088435,
      "loop": false
    },
    "magic": {
      "start": 19,
      "end": 20,
      "loop": false
    },
    "whispering": {
      "start": 21,
      "end": 23.739954648526076,
      "loop": false
    },
    "16.aap.indjij": {
      "start": 25,
      "end": 27.50170068027211,
      "loop": false
    },
    "17.aap.indhij": {
      "start": 29,
      "end": 31.639591836734695,
      "loop": false
    },
    "18.aap.dirik": {
      "start": 33,
      "end": 35.675442176870746,
      "loop": false
    },
    "19.aap.dirjij": {
      "start": 37,
      "end": 39.68353741496598,
      "loop": false
    },
    "20.aap.dirhij": {
      "start": 41,
      "end": 43.79589569160998,
      "loop": false
    },
    "21.aap.indik": {
      "start": 45,
      "end": 47.430521541950114,
      "loop": false
    },
    "22.aap.indjij": {
      "start": 49,
      "end": 51.67759637188209,
      "loop": false
    },
    "23.aap.indhij": {
      "start": 53,
      "end": 55.688752834467124,
      "loop": false
    },
    "24.aap.dirik": {
      "start": 57,
      "end": 60.18036281179138,
      "loop": false
    },
    "25.aap.dirjij": {
      "start": 62,
      "end": 65.20358276643991,
      "loop": false
    },
    "26.hond.indik": {
      "start": 67,
      "end": 69.5,
      "loop": false
    },
    "27.hond.indhij": {
      "start": 71,
      "end": 73.58460317460317,
      "loop": false
    },
    "28.hond.dirjij": {
      "start": 75,
      "end": 77.7953514739229,
      "loop": false
    },
    "29.hond.dirhij": {
      "start": 79,
      "end": 82.10979591836735,
      "loop": false
    },
    "30.hond.indik": {
      "start": 84,
      "end": 86.55385487528345,
      "loop": false
    },
    "31.hond.indjij": {
      "start": 88,
      "end": 90.46791383219954,
      "loop": false
    },
    "32.hond.indhij": {
      "start": 92,
      "end": 94.57079365079365,
      "loop": false
    },
    "33.hond.dirik": {
      "start": 96,
      "end": 99.0618820861678,
      "loop": false
    },
    "34.hond.dirjij": {
      "start": 101,
      "end": 104.0909977324263,
      "loop": false
    },
    "35.hond.dirhij": {
      "start": 106,
      "end": 108.99242630385487,
      "loop": false
    },
    "36.olif.indik": {
      "start": 110,
      "end": 112.03580498866214,
      "loop": false
    },
    "37.olif.indjij": {
      "start": 114,
      "end": 116.17539682539683,
      "loop": false
    },
    "38.olif.indhij": {
      "start": 118,
      "end": 120.46027210884354,
      "loop": false
    },
    "39.olif.dirik": {
      "start": 122,
      "end": 124.72451247165533,
      "loop": false
    },
    "40.olif.dirjij": {
      "start": 126,
      "end": 128.75997732426305,
      "loop": false
    },
    "41.olif.dirhij": {
      "start": 130,
      "end": 132.70083900226757,
      "loop": false
    },
    "42.olif.indik": {
      "start": 134,
      "end": 135.9229931972789,
      "loop": false
    },
    "43.olif.indjij": {
      "start": 137,
      "end": 139.0316553287982,
      "loop": false
    },
    "44.olif.dirik": {
      "start": 141,
      "end": 143.6565306122449,
      "loop": false
    },
    "45.olif.dirhij": {
      "start": 145,
      "end": 147.94920634920635,
      "loop": false
    }
  }
}