{
  "resources": [
    "direct_and_indirect_speech_items.m4a",
    "direct_and_indirect_speech_items.ogg"
  ],
  "spritemap": {
    "instruction3": {
      "start": 0,
      "end": 17.106802721088435,
      "loop": false
    },
    "magic": {
      "start": 19,
      "end": 20,
      "loop": false
    },
    "whispering": {
      "start": 21,
      "end": 23.739954648526076,
      "loop": false
    },
    "16.aap.indjij": {
      "start": 25,
      "end": 27.50170068027211,
      "loop": false
    },
    "17.aap.indhij": {
      "start": 29,
      "end": 31.639591836734695,
      "loop": false
    },
    "18.aap.dirik": {
      "start": 33,
      "end": 35.80891156462585,
      "loop": false
    },
    "19.aap.dirjij": {
      "start": 37,
      "end": 39.9,
      "loop": false
    },
    "20.aap.dirhij": {
      "start": 41,
      "end": 43.87936507936508,
      "loop": false
    },
    "21.aap.indik": {
      "start": 45,
      "end": 47.430521541950114,
      "loop": false
    },
    "22.aap.indjij": {
      "start": 49,
      "end": 51.67759637188209,
      "loop": false
    },
    "23.aap.indhij": {
      "start": 53,
      "end": 55.688752834467124,
      "loop": false
    },
    "24.aap.dirik": {
      "start": 57,
      "end": 59.94424036281179,
      "loop": false
    },
    "25.aap.dirjij": {
      "start": 61,
      "end": 64,
      "loop": false
    },
    "26.hond.indik": {
      "start": 65,
      "end": 67.5,
      "loop": false
    },
    "27.hond.indhij": {
      "start": 69,
      "end": 71.58460317460317,
      "loop": false
    },
    "28.hond.dirjij": {
      "start": 73,
      "end": 75.61972789115646,
      "loop": false
    },
    "29.hond.dirhij": {
      "start": 77,
      "end": 79.72997732426303,
      "loop": false
    },
    "30.hond.indik": {
      "start": 81,
      "end": 83.55385487528345,
      "loop": false
    },
    "31.hond.indjij": {
      "start": 85,
      "end": 87.46791383219954,
      "loop": false
    },
    "32.hond.indhij": {
      "start": 89,
      "end": 91.57079365079365,
      "loop": false
    },
    "33.hond.dirik": {
      "start": 93,
      "end": 95.92353741496599,
      "loop": false
    },
    "34.hond.dirjij": {
      "start": 97,
      "end": 100.1,
      "loop": false
    },
    "35.hond.dirhij": {
      "start": 102,
      "end": 104.7,
      "loop": false
    },
    "36.olif.indik": {
      "start": 106,
      "end": 108.03580498866214,
      "loop": false
    },
    "37.olif.indjij": {
      "start": 110,
      "end": 112.17539682539683,
      "loop": false
    },
    "38.olif.indhij": {
      "start": 114,
      "end": 116.46027210884354,
      "loop": false
    },
    "39.olif.dirik": {
      "start": 118,
      "end": 120.55020408163266,
      "loop": false
    },
    "40.olif.dirjij": {
      "start": 122,
      "end": 124.7,
      "loop": false
    },
    "41.olif.dirhij": {
      "start": 126,
      "end": 128.6,
      "loop": false
    },
    "42.olif.indik": {
      "start": 130,
      "end": 131.9229931972789,
      "loop": false
    },
    "43.olif.indjij": {
      "start": 133,
      "end": 135.0316553287982,
      "loop": false
    },
    "44.olif.dirik": {
      "start": 137,
      "end": 139.54777777777778,
      "loop": false
    },
    "45.olif.dirhij": {
      "start": 141,
      "end": 143.8,
      "loop": false
    }
  }
}