{
  "resources": [
    "direct_and_indirect_speech_items.m4a",
    "direct_and_indirect_speech_items.ogg"
  ],
  "spritemap": {
    "magic": {
      "start": 0,
      "end": 1.137891156462585,
      "loop": false
    },
    "whispering": {
      "start": 3,
      "end": 5.739954648526077,
      "loop": false
    },
    "16.aap.indjij": {
      "start": 7,
      "end": 9.501700680272108,
      "loop": false
    },
    "17.aap.indhij": {
      "start": 11,
      "end": 13.639591836734693,
      "loop": false
    },
    "18.aap.dirik": {
      "start": 15,
      "end": 17.67544217687075,
      "loop": false
    },
    "19.aap.dirjij": {
      "start": 19,
      "end": 21.683537414965986,
      "loop": false
    },
    "20.aap.dirhij": {
      "start": 23,
      "end": 25.795895691609978,
      "loop": false
    },
    "21.aap.indik": {
      "start": 27,
      "end": 29.430521541950114,
      "loop": false
    },
    "22.aap.indjij": {
      "start": 31,
      "end": 33.67759637188209,
      "loop": false
    },
    "23.aap.indhij": {
      "start": 35,
      "end": 37.688752834467124,
      "loop": false
    },
    "24.aap.dirik": {
      "start": 39,
      "end": 42.18036281179138,
      "loop": false
    },
    "25.aap.dirjij": {
      "start": 44,
      "end": 47.20358276643991,
      "loop": false
    },
    "26.hond.indik": {
      "start": 49,
      "end": 51.5,
      "loop": false
    },
    "27.hond.indhij": {
      "start": 53,
      "end": 55.584603174603174,
      "loop": false
    },
    "28.hond.dirjij": {
      "start": 57,
      "end": 59.7953514739229,
      "loop": false
    },
    "29.hond.dirhij": {
      "start": 61,
      "end": 64.10979591836735,
      "loop": false
    },
    "30.hond.indik": {
      "start": 66,
      "end": 68.55385487528345,
      "loop": false
    },
    "31.hond.indjij": {
      "start": 70,
      "end": 72.46791383219954,
      "loop": false
    },
    "32.hond.indhij": {
      "start": 74,
      "end": 76.57079365079365,
      "loop": false
    },
    "33.hond.dirik": {
      "start": 78,
      "end": 81.0618820861678,
      "loop": false
    },
    "34.hond.dirjij": {
      "start": 83,
      "end": 86.0909977324263,
      "loop": false
    },
    "35.hond.dirhij": {
      "start": 88,
      "end": 90.99242630385487,
      "loop": false
    },
    "36.olif.indik": {
      "start": 92,
      "end": 94.03580498866214,
      "loop": false
    },
    "37.olif.indjij": {
      "start": 96,
      "end": 98.17539682539683,
      "loop": false
    },
    "38.olif.indhij": {
      "start": 100,
      "end": 102.46027210884354,
      "loop": false
    },
    "39.olif.dirik": {
      "start": 104,
      "end": 106.72451247165533,
      "loop": false
    },
    "40.olif.dirjij": {
      "start": 108,
      "end": 110.75997732426303,
      "loop": false
    },
    "41.olif.dirhij": {
      "start": 112,
      "end": 114.70083900226757,
      "loop": false
    },
    "42.olif.indik": {
      "start": 116,
      "end": 117.92299319727891,
      "loop": false
    },
    "43.olif.indjij": {
      "start": 119,
      "end": 121.03165532879818,
      "loop": false
    },
    "44.olif.dirik": {
      "start": 123,
      "end": 125.6565306122449,
      "loop": false
    },
    "45.olif.dirhij": {
      "start": 127,
      "end": 129.94920634920635,
      "loop": false
    }
  }
}