{
  "resources": [
    "direct_and_indirect_speech_items.m4a",
    "direct_and_indirect_speech_items.ogg"
  ],
  "spritemap": {
    "instruction3": {
      "start": 0,
      "end": 17.106802721088435,
      "loop": false
    },
    "magic-1": {
      "start": 19,
      "end": 20,
      "loop": false
    },
    "magic-2": {
      "start": 21,
      "end": 22,
      "loop": false
    },
    "magic-3": {
      "start": 23,
      "end": 23.901972789115646,
      "loop": false
    },
    "whispering": {
      "start": 25,
      "end": 27.739954648526076,
      "loop": false
    },
    "16.aap.indjij": {
      "start": 29,
      "end": 31.50170068027211,
      "loop": false
    },
    "17.aap.indhij": {
      "start": 33,
      "end": 35.639591836734695,
      "loop": false
    },
    "18.aap.dirik": {
      "start": 37,
      "end": 39.80891156462585,
      "loop": false
    },
    "19.aap.dirjij": {
      "start": 41,
      "end": 43.9,
      "loop": false
    },
    "20.aap.dirhij": {
      "start": 45,
      "end": 47.87936507936508,
      "loop": false
    },
    "21.aap.indik": {
      "start": 49,
      "end": 51.430521541950114,
      "loop": false
    },
    "22.aap.indjij": {
      "start": 53,
      "end": 55.67759637188209,
      "loop": false
    },
    "23.aap.indhij": {
      "start": 57,
      "end": 59.688752834467124,
      "loop": false
    },
    "24.aap.dirik": {
      "start": 61,
      "end": 63.94424036281179,
      "loop": false
    },
    "25.aap.dirjij": {
      "start": 65,
      "end": 68,
      "loop": false
    },
    "26.hond.indik": {
      "start": 69,
      "end": 71.5,
      "loop": false
    },
    "27.hond.indhij": {
      "start": 73,
      "end": 75.58460317460317,
      "loop": false
    },
    "28.hond.dirjij": {
      "start": 77,
      "end": 79.61972789115646,
      "loop": false
    },
    "29.hond.dirhij": {
      "start": 81,
      "end": 83.72997732426303,
      "loop": false
    },
    "30.hond.indik": {
      "start": 85,
      "end": 87.55385487528345,
      "loop": false
    },
    "31.hond.indjij": {
      "start": 89,
      "end": 91.46791383219954,
      "loop": false
    },
    "32.hond.indhij": {
      "start": 93,
      "end": 95.57079365079365,
      "loop": false
    },
    "33.hond.dirik": {
      "start": 97,
      "end": 99.92353741496599,
      "loop": false
    },
    "34.hond.dirjij": {
      "start": 101,
      "end": 104.1,
      "loop": false
    },
    "35.hond.dirhij": {
      "start": 106,
      "end": 108.7,
      "loop": false
    },
    "36.olif.indik": {
      "start": 110,
      "end": 112.03580498866214,
      "loop": false
    },
    "37.olif.indjij": {
      "start": 114,
      "end": 116.17539682539683,
      "loop": false
    },
    "38.olif.indhij": {
      "start": 118,
      "end": 120.46027210884354,
      "loop": false
    },
    "39.olif.dirik": {
      "start": 122,
      "end": 124.55020408163266,
      "loop": false
    },
    "40.olif.dirjij": {
      "start": 126,
      "end": 128.7,
      "loop": false
    },
    "41.olif.dirhij": {
      "start": 130,
      "end": 132.6,
      "loop": false
    },
    "42.olif.indik": {
      "start": 134,
      "end": 135.9229931972789,
      "loop": false
    },
    "43.olif.indjij": {
      "start": 137,
      "end": 139.0316553287982,
      "loop": false
    },
    "44.olif.dirik": {
      "start": 141,
      "end": 143.54777777777778,
      "loop": false
    },
    "45.olif.dirhij": {
      "start": 145,
      "end": 147.8,
      "loop": false
    }
  }
}