{
  "resources": [
    "no_report_items.m4a",
    "no_report_items.ogg"
  ],
  "spritemap": {
    "instruction2": {
      "start": 0,
      "end": 10.045192743764172,
      "loop": false
    },
    "magic-1": {
      "start": 12,
      "end": 13,
      "loop": false
    },
    "magic-2": {
      "start": 14,
      "end": 15,
      "loop": false
    },
    "magic-3": {
      "start": 16,
      "end": 16.901972789115646,
      "loop": false
    },
    "whispering": {
      "start": 18,
      "end": 20.739954648526076,
      "loop": false
    },
    "1.aap.ik": {
      "start": 22,
      "end": 23.25,
      "loop": false
    },
    "10.hond.hij": {
      "start": 25,
      "end": 26.523628117913834,
      "loop": false
    },
    "11.olif.ik": {
      "start": 28,
      "end": 29.640997732426303,
      "loop": false
    },
    "12.olif.jij": {
      "start": 31,
      "end": 32.54478458049886,
      "loop": false
    },
    "13.olif.hij": {
      "start": 34,
      "end": 35.43714285714286,
      "loop": false
    },
    "14.olif.ik": {
      "start": 37,
      "end": 38.6753514739229,
      "loop": false
    },
    "15.olif.jij": {
      "start": 40,
      "end": 41.56226757369615,
      "loop": false
    },
    "2.aap.hij": {
      "start": 43,
      "end": 44.37238095238095,
      "loop": false
    },
    "3.aap.ik": {
      "start": 46,
      "end": 47.12403628117914,
      "loop": false
    },
    "4.aap.jij": {
      "start": 49,
      "end": 50.476893424036284,
      "loop": false
    },
    "5.aap.hij": {
      "start": 52,
      "end": 53.37777777777778,
      "loop": false
    },
    "6.hond.ik": {
      "start": 55,
      "end": 56.06854875283447,
      "loop": false
    },
    "7.hond.jij": {
      "start": 58,
      "end": 59.263514739229024,
      "loop": false
    },
    "8.hond.hij": {
      "start": 61,
      "end": 62.21784580498866,
      "loop": false
    },
    "9.hond.jij": {
      "start": 64,
      "end": 65.30750566893424,
      "loop": false
    }
  }
}