{
  "resources": [
    "practice_items.m4a",
    "practice_items.ogg"
  ],
  "spritemap": {
    "p1.olif": {
      "start": 0,
      "end": 2,
      "loop": false
    },
    "p2.aap": {
      "start": 3,
      "end": 4.334512471655328,
      "loop": false
    },
    "p3.hond": {
      "start": 6,
      "end": 7.371768707482993,
      "loop": false
    },
    "instruction2": {
      "start": 9,
      "end": 19.045192743764172,
      "loop": false
    },
    "instruction3": {
      "start": 21,
      "end": 38.106802721088435,
      "loop": false
    },
    "intro.aap": {
      "start": 40,
      "end": 41.83659863945578,
      "loop": false
    },
    "intro.hond": {
      "start": 43,
      "end": 44.411632653061226,
      "loop": false
    },
    "intro.olif": {
      "start": 46,
      "end": 48.4,
      "loop": false
    },
    "m3": {
      "start": 50,
      "end": 55.36369614512472,
      "loop": false
    },
    "m4": {
      "start": 57,
      "end": 58.57650793650794,
      "loop": false
    },
    "m4n": {
      "start": 60,
      "end": 63.86705215419501,
      "loop": false
    },
    "m5": {
      "start": 65,
      "end": 66.48371882086168,
      "loop": false
    },
    "m5n": {
      "start": 68,
      "end": 71.69390022675736,
      "loop": false
    },
    "m6": {
      "start": 73,
      "end": 74.40995464852608,
      "loop": false
    },
    "m6n": {
      "start": 76,
      "end": 79.86462585034013,
      "loop": false
    },
    "magic-1": {
      "start": 81,
      "end": 82,
      "loop": false
    },
    "magic-2": {
      "start": 83,
      "end": 84,
      "loop": false
    },
    "magic-3": {
      "start": 85,
      "end": 85.90197278911565,
      "loop": false
    },
    "whispering": {
      "start": 87,
      "end": 89.73995464852608,
      "loop": false
    }
  }
}