{
  "resources": [
    "sprites.m4a",
    "sprites.ogg"
  ],
  "spritemap": {
    "1.aap.ik": {
      "start": 0,
      "end": 1.25,
      "loop": false
    },
    "10.hond.hij": {
      "start": 3,
      "end": 4.523628117913832,
      "loop": false
    },
    "11.olif.ik": {
      "start": 6,
      "end": 7.640997732426304,
      "loop": false
    },
    "12.olif.jij": {
      "start": 9,
      "end": 10.544784580498867,
      "loop": false
    },
    "13.olif.hij": {
      "start": 12,
      "end": 13.437142857142858,
      "loop": false
    },
    "14.olif.ik": {
      "start": 15,
      "end": 16.675351473922902,
      "loop": false
    },
    "15.olif.jij": {
      "start": 18,
      "end": 19.562267573696147,
      "loop": false
    },
    "16.aap.indjij": {
      "start": 21,
      "end": 23.50170068027211,
      "loop": false
    },
    "17.aap.indhij": {
      "start": 25,
      "end": 27.639591836734695,
      "loop": false
    },
    "18.aap.dirik": {
      "start": 29,
      "end": 31.808911564625852,
      "loop": false
    },
    "19.aap.dirjij": {
      "start": 33,
      "end": 35.9,
      "loop": false
    },
    "2.aap.hij": {
      "start": 37,
      "end": 38.37238095238095,
      "loop": false
    },
    "20.aap.dirhij": {
      "start": 40,
      "end": 42.87936507936508,
      "loop": false
    },
    "21.aap.indik": {
      "start": 44,
      "end": 46.430521541950114,
      "loop": false
    },
    "22.aap.indjij": {
      "start": 48,
      "end": 50.67759637188209,
      "loop": false
    },
    "23.aap.indhij": {
      "start": 52,
      "end": 54.688752834467124,
      "loop": false
    },
    "24.aap.dirik": {
      "start": 56,
      "end": 58.94424036281179,
      "loop": false
    },
    "25.aap.dirjij": {
      "start": 60,
      "end": 63,
      "loop": false
    },
    "26.hond.indik": {
      "start": 64,
      "end": 66.5,
      "loop": false
    },
    "27.hond.indhij": {
      "start": 68,
      "end": 70.58460317460317,
      "loop": false
    },
    "28.hond.dirjij": {
      "start": 72,
      "end": 74.61972789115646,
      "loop": false
    },
    "29.hond.dirhij": {
      "start": 76,
      "end": 78.72997732426303,
      "loop": false
    },
    "3.aap.ik": {
      "start": 80,
      "end": 81.12403628117914,
      "loop": false
    },
    "30.hond.indik": {
      "start": 83,
      "end": 85.55385487528345,
      "loop": false
    },
    "31.hond.indjij": {
      "start": 87,
      "end": 89.46791383219954,
      "loop": false
    },
    "32.hond.indhij": {
      "start": 91,
      "end": 93.57079365079365,
      "loop": false
    },
    "33.hond.dirik": {
      "start": 95,
      "end": 97.92353741496599,
      "loop": false
    },
    "34.hond.dirjij": {
      "start": 99,
      "end": 102.1,
      "loop": false
    },
    "35.hond.dirhij": {
      "start": 104,
      "end": 106.7,
      "loop": false
    },
    "36.olif.indik": {
      "start": 108,
      "end": 110.03580498866214,
      "loop": false
    },
    "37.olif.indjij": {
      "start": 112,
      "end": 114.17539682539683,
      "loop": false
    },
    "38.olif.indhij": {
      "start": 116,
      "end": 118.46027210884354,
      "loop": false
    },
    "39.olif.dirik": {
      "start": 120,
      "end": 122.55020408163266,
      "loop": false
    },
    "4.aap.jij": {
      "start": 124,
      "end": 125.47689342403628,
      "loop": false
    },
    "40.olif.dirjij": {
      "start": 127,
      "end": 129.7,
      "loop": false
    },
    "41.olif.dirhij": {
      "start": 131,
      "end": 133.6,
      "loop": false
    },
    "42.olif.indik": {
      "start": 135,
      "end": 136.9229931972789,
      "loop": false
    },
    "43.olif.indjij": {
      "start": 138,
      "end": 140.0316553287982,
      "loop": false
    },
    "44.olif.dirik": {
      "start": 142,
      "end": 144.54777777777778,
      "loop": false
    },
    "45.olif.dirhij": {
      "start": 146,
      "end": 148.8,
      "loop": false
    },
    "5.aap.hij": {
      "start": 150,
      "end": 151.37777777777777,
      "loop": false
    },
    "6.hond.ik": {
      "start": 153,
      "end": 154.06854875283446,
      "loop": false
    },
    "7.hond.jij": {
      "start": 156,
      "end": 157.26351473922904,
      "loop": false
    },
    "8.hond.hij": {
      "start": 159,
      "end": 160.21784580498866,
      "loop": false
    },
    "9.hond.jij": {
      "start": 162,
      "end": 163.30750566893425,
      "loop": false
    },
    "auto": {
      "start": 165,
      "end": 167.3,
      "loop": false
    },
    "boek": {
      "start": 169,
      "end": 171.32977324263038,
      "loop": false
    },
    "gitaar": {
      "start": 173,
      "end": 175.44151927437642,
      "loop": false
    },
    "hamer": {
      "start": 177,
      "end": 179.4,
      "loop": false
    },
    "hoed": {
      "start": 181,
      "end": 183.3479365079365,
      "loop": false
    },
    "kop": {
      "start": 185,
      "end": 187.2827664399093,
      "loop": false
    },
    "lepel": {
      "start": 189,
      "end": 191.4,
      "loop": false
    },
    "paraplu": {
      "start": 193,
      "end": 195.53839002267574,
      "loop": false
    },
    "pen": {
      "start": 197,
      "end": 199.18979591836734,
      "loop": false
    },
    "roos": {
      "start": 201,
      "end": 203.41757369614513,
      "loop": false
    },
    "schaar": {
      "start": 205,
      "end": 207.2667120181406,
      "loop": false
    },
    "sjaal": {
      "start": 209,
      "end": 211.23421768707482,
      "loop": false
    },
    "sleutel": {
      "start": 213,
      "end": 215.31242630385486,
      "loop": false
    },
    "tandenborstel": {
      "start": 217,
      "end": 219.64521541950114,
      "loop": false
    },
    "vlag": {
      "start": 221,
      "end": 223.207641723356,
      "loop": false
    },
    "vliegtuig": {
      "start": 225,
      "end": 227.67160997732427,
      "loop": false
    },
    "voetbal": {
      "start": 229,
      "end": 231.5,
      "loop": false
    },
    "zonnebril": {
      "start": 233,
      "end": 235.5757596371882,
      "loop": false
    },
    "instruction2": {
      "start": 237,
      "end": 247.04519274376418,
      "loop": false
    },
    "instruction3": {
      "start": 249,
      "end": 266.10680272108846,
      "loop": false
    },
    "intro.aap": {
      "start": 268,
      "end": 269.83659863945576,
      "loop": false
    },
    "intro.hond": {
      "start": 271,
      "end": 272.41163265306125,
      "loop": false
    },
    "intro.olif": {
      "start": 274,
      "end": 276.4,
      "loop": false
    },
    "m3": {
      "start": 278,
      "end": 283.3636961451247,
      "loop": false
    },
    "m4": {
      "start": 285,
      "end": 286.57650793650794,
      "loop": false
    },
    "m4n": {
      "start": 288,
      "end": 291.867052154195,
      "loop": false
    },
    "m5": {
      "start": 293,
      "end": 294.48371882086167,
      "loop": false
    },
    "m5n": {
      "start": 296,
      "end": 299.69390022675736,
      "loop": false
    },
    "m6": {
      "start": 301,
      "end": 302.4099546485261,
      "loop": false
    },
    "m6n": {
      "start": 304,
      "end": 307.86462585034013,
      "loop": false
    },
    "magic-1": {
      "start": 309,
      "end": 310,
      "loop": false
    },
    "magic-2": {
      "start": 311,
      "end": 312,
      "loop": false
    },
    "magic-3": {
      "start": 313,
      "end": 313.90197278911563,
      "loop": false
    },
    "whispering": {
      "start": 315,
      "end": 317.73995464852607,
      "loop": false
    }
  }
}